{
    "state_machine": "GenericStateMachine",
    "type": "Tutorial",
    "comment": "Northern Betland Plains Trial: The Rampaging War Dragon (Northern Betland Plains AR10)",
    "quest_id": 60090002,
    "next_quest": 0,
    "base_level": 51,
    "minimum_item_rank": 0,
    "discoverable": false,
    "stage_id": {
        "id": 53
    },
    "area_id": "NorthernBetlandPlains",
    "order_conditions": [
        {
            "type": "AreaRank",
            "Param1": 9,
            "Param2": 9
        }
    ],
    "rewards": [
        {
            "type": "exp",
            "amount": 6250
        },
        {
            "type": "wallet",
            "wallet_type": "Gold",
            "amount": 7000
        },
        {
            "type": "wallet",
            "wallet_type": "RiftPoints",
            "amount": 620
        }
    ],
    "enemy_groups": [
        {
            "stage_id": {
                "id": 1,
                "group_id": 287
            },
            "enemies": [
                {
                    "comment": "Bifang Military Dragon Behemoth (Behemoth)",
                    "enemy_id": "0x015709",
                    "level": 52,
                    "exp": 8624,
                    "is_boss": true,
                    "named_enemy_params_id": 240
                }
            ]
        }
    ],
    "blocks": [
        {
            "type": "NpcTalkAndOrder",
            "stage_id": {
                "id": 53
            },
            "npc_id": "Sunny",
            "message_id": 14462
        },
        {
            "type": "DiscoverEnemy",
            "announce_type": "Accept",
            "groups": [
                0
            ],
            "result_commands": [
                {
                    "comment": "Sunny idle dialogue.",
                    "type": "QstTalkChg",
                    "Param1": 1701,
                    "Param2": 14464
                }
            ]
        },
        {
            "type": "KillGroup",
            "announce_type": "Update",
            "reset_group": false,
            "caution": true,
            "groups": [
                0
            ]
        },
        {
            "type": "TalkToNpc",
            "stage_id": {
                "id": 53
            },
            "checkpoint": true,
            "announce_type": "Update",
            "npc_id": "Sunny",
            "message_id": 14463
        }
    ]
}
