{
    "state_machine": "GenericStateMachine",
    "type": "Tutorial",
    "comment": "Betland Plains Trial: The Shadowy Survey Mission (Betland Plains AR5)",
    "quest_id": 60080001,
    "next_quest": 0,
    "base_level": 40,
    "minimum_item_rank": 0,
    "discoverable": false,
    "stage_id": {
        "id": 66
    },
    "area_id": "BetlandPlains",
    "order_conditions": [
        {
            "type": "AreaRank",
            "Param1": 8,
            "Param2": 4
        }
    ],
    "rewards": [
        {
            "type": "exp",
            "amount": 4700
        },
        {
            "type": "wallet",
            "wallet_type": "Gold",
            "amount": 4800
        },
        {
            "type": "wallet",
            "wallet_type": "RiftPoints",
            "amount": 410
        }
    ],
    "enemy_groups": [
        {
            "stage_id": {
                "id": 91,
                "group_id": 6
            },
            "starting_index": 4,
            "enemies": [
                {
                    "comment": "Corpse-Eating Troll",
                    "enemy_id": "0x015040",
                    "level": 40,
                    "exp": 3060,
                    "is_boss": true,
                    "named_enemy_params_id": 345
                },
                {
                    "comment": "Grimwarg",
                    "enemy_id": "0x010205",
                    "level": 40,
                    "exp": 210
                },
                {
                    "comment": "Grimwarg",
                    "enemy_id": "0x010205",
                    "level": 40,
                    "exp": 210
                },
                {
                    "comment": "Grimwarg",
                    "enemy_id": "0x010205",
                    "level": 40,
                    "exp": 210
                }
            ]
        }
    ],
    "blocks": [
        {
            "type": "NpcTalkAndOrder",
            "stage_id": {
                "id": 66
            },
            "npc_id": "Scherzo",
            "message_id": 14453
        },
        {
            "type": "DiscoverEnemy",
            "announce_type": "Accept",
            "groups": [
                0
            ],
            "result_commands": [
                {
                    "comment": "Scherzo idle dialogue.",
                    "type": "QstTalkChg",
                    "Param1": 1905,
                    "Param2": 14455
                }
            ]
        },
        {
            "type": "KillGroup",
            "announce_type": "Update",
            "reset_group": false,
            "caution": true,
            "groups": [
                0
            ]
        },
        {
            "type": "TalkToNpc",
            "stage_id": {
                "id": 66
            },
            "checkpoint": true,
            "announce_type": "Update",
            "npc_id": "Scherzo",
            "message_id": 14454
        }
    ]
}
