{
    "state_machine": "GenericStateMachine",
    "type": "Tutorial",
    "comment": "Volden Mines Trial: The Large Tunnels Exploration (Volden Mines AR5)",
    "quest_id": 60040001,
    "next_quest": 0,
    "base_level": 29,
    "minimum_item_rank": 0,
    "discoverable": false,
    "stage_id": { "id": 80 },
    "area_id": "VoldenMines",
    "order_conditions": [
        {
            "type": "AreaRank",
            "Param1": 4,
            "Param2": 4
        }
    ],
    "rewards": [
        {
            "type": "exp",
            "amount": 3900
        },
        {
            "type": "wallet",
            "wallet_type": "Gold",
            "amount": 3000
        },
        {
            "type": "wallet",
            "wallet_type": "RiftPoints",
            "amount": 340
        }
    ],
    "enemy_groups": [
        {
            "stage_id": {
                "id": 72,
                "group_id": 18
            },
            "enemies": [
                {
                    "comment": "Volden Banger Golem",
                    "enemy_id": "0x015100",
                    "level": 28,
                    "exp": 2650,
                    "is_boss": true,
                    "named_enemy_params_id": 324
                },
                {
                    "comment": "Charcoal Sludgeman",
                    "enemy_id": "0x010510",
                    "level": 28,
                    "exp": 142,
                    "named_enemy_params_id": 325
                },
                {
                    "comment": "Charcoal Sludgeman",
                    "enemy_id": "0x010510",
                    "level": 28,
                    "exp": 142,
                    "named_enemy_params_id": 325
                },
                {
                    "comment": "Charcoal Sludgeman",
                    "enemy_id": "0x010510",
                    "level": 28,
                    "exp": 142,
                    "named_enemy_params_id": 325
                }
            ]
        }
    ],
    "blocks": [
        {
            "type": "NpcTalkAndOrder",
            "stage_id": {
                "id": 80
            },
            "npc_id": "Roy",
            "message_id": 14429
        },
        {
            "type": "DiscoverEnemy",
            "announce_type": "Accept",
            "groups": [ 0 ],
            "result_commands": [
                {
                    "comment": "Roy idle dialogue.",
                    "type": "QstTalkChg",
                    "Param1": 1604,
                    "Param2": 14431
                }
            ]
        },
        {
            "type": "KillGroup",
            "announce_type": "Update",
            "reset_group": false,
            "caution": true,
            "groups": [ 0 ]
        },
        {
            "type": "TalkToNpc",
            "stage_id": {
                "id": 80
            },
            "checkpoint": true,
            "announce_type": "Update",
            "npc_id": "Roy",
            "message_id": 14430
        }
    ]
}
