{
    "state_machine": "GenericStateMachine",
    "type": "Tutorial",
    "comment": "Deenan Woods Trial: The White Scourge (Deenan Woods AR10)",
    "quest_id": 60070002,
    "next_quest": 0,
    "base_level": 45,
    "minimum_item_rank": 0,
    "discoverable": false,
    "stage_id": { "id": 105 },
    "area_id": "DeenanWoods",
    "order_conditions": [
        {
            "type": "AreaRank",
            "Param1": 7,
            "Param2": 9
        }
    ],
    "rewards": [
        {
            "type": "exp",
            "amount": 5400
        },
        {
            "type": "wallet",
            "wallet_type": "Gold",
            "amount": 6000
        },
        {
            "type": "wallet",
            "wallet_type": "RiftPoints",
            "amount": 540
        }
    ],
    "enemy_groups": [
        {
            "stage_id": {
                "id": 109,
                "group_id": 17
            },
            "enemies": [
                {
                    "comment": "White Calamity Elder Angules",
                    "enemy_id": "0x015708",
                    "level": 45,
                    "exp": 7980,
                    "is_boss": true,
                    "named_enemy_params_id": 351
                }
            ]
        }
    ],
    "blocks": [
        {
            "type": "NpcTalkAndOrder",
            "stage_id": {
                "id": 105
            },
            "npc_id": "Rondejeel0",
            "message_id": 14450
        },
        {
            "type": "DiscoverEnemy",
            "announce_type": "Accept",
            "groups": [ 0 ],
            "result_commands": [
                {
                    "comment": "Rondejeel0 idle dialogue.",
                    "type": "QstTalkChg",
                    "Param1": 4508,
                    "Param2": 14452
                }
            ]
        },
        {
            "type": "KillGroup",
            "announce_type": "Update",
            "reset_group": false,
            "caution": true,
            "groups": [ 0 ]
        },
        {
            "type": "TalkToNpc",
            "stage_id": {
                "id": 105
            },
            "checkpoint": true,
            "announce_type": "Update",
            "npc_id": "Rondejeel0",
            "message_id": 14451
        }
    ]
}
