{
    "state_machine": "GenericStateMachine",
    "type": "Tutorial",
    "comment": "Mysree Forest Trial: Elimination - Singa, the Ensorcelled One (Mysree Forest AR10)",
    "quest_id": 60030002,
    "next_quest": 0,
    "base_level": 32,
    "minimum_item_rank": 0,
    "discoverable": false,
    "stage_id": { "id": 24 },
    "area_id": "MysreeForest",
    "order_conditions": [
        {
            "type": "AreaRank",
            "Param1": 3,
            "Param2": 9
        }
    ],
    "rewards": [
        {
            "type": "exp",
            "amount": 4100
        },
        {
            "type": "wallet",
            "wallet_type": "Gold",
            "amount": 3400
        },
        {
            "type": "wallet",
            "wallet_type": "RiftPoints",
            "amount": 350
        }
    ],
    "enemy_groups": [
        {
            "stage_id": {
                "id": 159,
                "group_id": 10
            },
            "enemies": [
                {
                    "comment": "Magic Lion Singa",
                    "enemy_id": "0x015200",
                    "level": 32,
                    "exp": 2652,
                    "is_boss": true,
                    "named_enemy_params_id": 321
                },
                {
                    "comment": "Pit Harpy",
                    "enemy_id": "0x010600",
                    "level": 30,
                    "exp": 78,
                    "named_enemy_params_id": 322
                },
                {
                    "comment": "Pit Harpy",
                    "enemy_id": "0x010600",
                    "level": 30,
                    "exp": 78,
                    "named_enemy_params_id": 322
                },
                {
                    "comment": "Pit Harpy",
                    "enemy_id": "0x010600",
                    "level": 30,
                    "exp": 78,
                    "named_enemy_params_id": 322
                },
                {
                    "comment": "Pit Harpy",
                    "enemy_id": "0x010600",
                    "level": 30,
                    "exp": 78,
                    "named_enemy_params_id": 322
                }
            ]
        }
    ],
    "blocks": [
        {
            "type": "NpcTalkAndOrder",
            "stage_id": {
                "id": 24
            },
            "npc_id": "Patricia",
            "message_id": 14426
        },
        {
            "type": "DiscoverEnemy",
            "announce_type": "Accept",
            "groups": [ 0 ],
            "result_commands": [
                {
                    "comment": "Patricia idle dialogue.",
                    "type": "QstTalkChg",
                    "Param1": 1412,
                    "Param2": 14428
                }
            ]
        },
        {
            "type": "KillGroup",
            "announce_type": "Update",
            "reset_group": false,
            "caution": true,
            "groups": [ 0 ]
        },
        {
            "type": "TalkToNpc",
            "stage_id": {
                "id": 24
            },
            "checkpoint": true,
            "announce_type": "Update",
            "npc_id": "Patricia",
            "message_id": 14427
        }
    ]
}
