{
    "state_machine": "GenericStateMachine",
    "type": "Tutorial",
    "comment": "Deenan Woods Trial: The Stone Fowl in the Ruins (Deenan Woods AR5)",
    "quest_id": 60070001,
    "next_quest": 0,
    "base_level": 43,
    "minimum_item_rank": 0,
    "discoverable": false,
    "stage_id": { "id": 105 },
    "area_id": "DeenanWoods",
    "order_conditions": [
        {
            "type": "AreaRank",
            "Param1": 7,
            "Param2": 4
        }
    ],
    "rewards": [
        {
            "type": "exp",
            "amount": 5000
        },
        {
            "type": "wallet",
            "wallet_type": "Gold",
            "amount": 5200
        },
        {
            "type": "wallet",
            "wallet_type": "RiftPoints",
            "amount": 425
        }
    ],
    "enemy_groups": [
        {
            "stage_id": {
                "id": 163,
                "group_id": 12
            },
            "enemies": [
                {
                    "comment": "God Flower Cockatrice",
                    "enemy_id": "0x015301",
                    "level": 43,
                    "exp": 4882,
                    "is_boss": true,
                    "named_enemy_params_id": 354
                }
            ]
        }
    ],
    "blocks": [
        {
            "type": "NpcTalkAndOrder",
            "stage_id": {
                "id": 105
            },
            "npc_id": "Rondejeel0",
            "message_id": 14447
        },
        {
            "type": "DiscoverEnemy",
            "announce_type": "Accept",
            "groups": [ 0 ],
            "result_commands": [
                {
                    "comment": "Rondejeel0 idle dialogue.",
                    "type": "QstTalkChg",
                    "Param1": 4508,
                    "Param2": 14449
                }
            ]
        },
        {
            "type": "KillGroup",
            "announce_type": "Update",
            "reset_group": false,
            "caution": true,
            "groups": [ 0 ]
        },
        {
            "type": "TalkToNpc",
            "stage_id": {
                "id": 105
            },
            "checkpoint": true,
            "announce_type": "Update",
            "npc_id": "Rondejeel0",
            "message_id": 14448
        }
    ]
}
