{
    "state_machine": "GenericStateMachine",
    "type": "Tutorial",
    "comment": "Mysree Grove Trial: The Hungry Giant (Mysree Grove AR10)",
    "quest_id": 60060002,
    "next_quest": 0,
    "base_level": 45,
    "minimum_item_rank": 0,
    "discoverable": false,
    "stage_id": { "id": 137 },
    "area_id": "MysreeGrove",
    "order_conditions": [
        {
            "type": "AreaRank",
            "Param1": 6,
            "Param2": 9
        }
    ],
    "rewards": [
        {
            "type": "exp",
            "amount": 5200
        },
        {
            "type": "wallet",
            "wallet_type": "Gold",
            "amount": 5800
        },
        {
            "type": "wallet",
            "wallet_type": "RiftPoints",
            "amount": 500
        }
    ],
    "enemy_groups": [
        {
            "stage_id": {
                "id": 1,
                "group_id": 146
            },
            "enemies": [
                {
                    "comment": "Jotun the Returned (Mole Troll)",
                    "enemy_id": "0x015041",
                    "level": 43,
                    "exp": 4080,
                    "is_boss": true,
                    "named_enemy_params_id": 232
                }
            ]
        }
    ],
    "blocks": [
        {
            "type": "NpcTalkAndOrder",
            "stage_id": {
                "id": 137
            },
            "npc_id": "Christine",
            "message_id": 14444
        },
        {
            "type": "DiscoverEnemy",
            "announce_type": "Accept",
            "groups": [ 0 ],
            "result_commands": [
                {
                    "comment": "Christine idle dialogue.",
                    "type": "QstTalkChg",
                    "Param1": 4506,
                    "Param2": 14446
                }
            ]
        },
        {
            "type": "KillGroup",
            "announce_type": "Update",
            "reset_group": false,
            "caution": true,
            "groups": [ 0 ]
        },
        {
            "type": "TalkToNpc",
            "stage_id": {
                "id": 137
            },
            "checkpoint": true,
            "announce_type": "Update",
            "npc_id": "Christine",
            "message_id": 14445
        }
    ]
}
