{
    "state_machine": "GenericStateMachine",
    "type": "Tutorial",
    "comment": "Eastern Zandora Trial: The Spectral Knight's Cursed Treasure (Eastern Zandora AR10)",
    "quest_id": 60110002,
    "next_quest": 0,
    "base_level": 60,
    "minimum_item_rank": 0,
    "discoverable": false,
    "stage_id": {
        "id": 61
    },
    "area_id": "EasternZandora",
    "order_conditions": [
        {
            "type": "AreaRank",
            "Param1": 11,
            "Param2": 9
        }
    ],
    "rewards": [
        {
            "type": "exp",
            "amount": 8000
        },
        {
            "type": "wallet",
            "wallet_type": "Gold",
            "amount": 9000
        },
        {
            "type": "wallet",
            "wallet_type": "RiftPoints",
            "amount": 825
        }
    ],
    "enemy_groups": [
        {
            "stage_id": {
                "id": 92,
                "group_id": 12
            },
            "enemies": [
                {
                    "comment": "Black Knight of the Underworld (Death Knight)",
                    "enemy_id": "0x010310",
                    "level": 58,
                    "exp": 3320,
                    "named_enemy_params_id": 378
                },
                {
                    "comment": "Accursed Court Lady (Empress Ghost)",
                    "enemy_id": "0x015605",
                    "level": 58,
                    "exp": 8498,
                    "named_enemy_params_id": 380
                },
                {
                    "comment": "Corpse Torturer Frost",
                    "enemy_id": "0x010512",
                    "level": 58,
                    "exp": 696
                },
                {
                    "comment": "Corpse Torturer Frost",
                    "enemy_id": "0x010512",
                    "level": 58,
                    "exp": 696
                },
                {
                    "comment": "Corpse Torturer Frost",
                    "enemy_id": "0x010512",
                    "level": 58,
                    "exp": 696
                },
                {
                    "comment": "Corpse Torturer Frost",
                    "enemy_id": "0x010512",
                    "level": 58,
                    "exp": 696
                },
                {
                    "comment": "Corpse Torturer Frost",
                    "enemy_id": "0x010512",
                    "level": 58,
                    "exp": 696
                }
            ]
        }
    ],
    "blocks": [
        {
            "type": "NpcTalkAndOrder",
            "stage_id": {
                "id": 61
            },
            "npc_id": "Nadia",
            "message_id": 14475
        },
        {
            "type": "DiscoverEnemy",
            "announce_type": "Accept",
            "groups": [
                0
            ],
            "result_commands": [
                {
                    "comment": "Nadia idle dialogue.",
                    "type": "QstTalkChg",
                    "Param1": 1811,
                    "Param2": 14477
                }
            ]
        },
        {
            "type": "KillGroup",
            "announce_type": "Update",
            "reset_group": false,
            "caution": true,
            "groups": [
                0
            ]
        },
        {
            "type": "TalkToNpc",
            "stage_id": {
                "id": 61
            },
            "checkpoint": true,
            "announce_type": "Update",
            "npc_id": "Nadia",
            "message_id": 14476
        }
    ]
}
