{
    "state_machine": "GenericStateMachine",
    "type": "Tutorial",
    "comment": "Mergoda Ruins Trial: The Secret Arts' Lost Progeny (Mergoda Ruins AR10)",
    "quest_id": 60120002,
    "next_quest": 0,
    "base_level": 60,
    "minimum_item_rank": 0,
    "discoverable": false,
    "stage_id": {
        "id": 237
    },
    "area_id": "MergodaRuins",
    "order_conditions": [
        {
            "type": "AreaRank",
            "Param1": 12,
            "Param2": 9
        }
    ],
    "rewards": [
        {
            "type": "exp",
            "amount": 8200
        },
        {
            "type": "wallet",
            "wallet_type": "Gold",
            "amount": 9500
        },
        {
            "type": "wallet",
            "wallet_type": "RiftPoints",
            "amount": 850
        }
    ],
    "enemy_groups": [
        {
            "stage_id": {
                "id": 84,
                "group_id": 6
            },
            "starting_index": 9,
            "enemies": [
                {
                    "comment": "Clone Zuhl",
                    "enemy_id": "0x020402",
                    "level": 60,
                    "exp": 14720,
                    "is_boss": true,
                    "named_enemy_params_id": 282
                }
            ]
        }
    ],
    "blocks": [
        {
            "type": "NpcTalkAndOrder",
            "stage_id": {
                "id": 237
            },
            "npc_id": "Beatrix",
            "message_id": 14481
        },
        {
            "type": "DiscoverEnemy",
            "announce_type": "Accept",
            "groups": [
                0
            ],
            "result_commands": [
                {
                    "comment": "Beatrix idle dialogue.",
                    "type": "QstTalkChg",
                    "Param1": 2301,
                    "Param2": 14483
                }
            ]
        },
        {
            "type": "KillGroup",
            "announce_type": "Update",
            "reset_group": false,
            "caution": true,
            "groups": [
                0
            ]
        },
        {
            "type": "TalkToNpc",
            "stage_id": {
                "id": 237
            },
            "checkpoint": true,
            "announce_type": "Update",
            "npc_id": "Beatrix",
            "message_id": 14482
        }
    ]
}
