{
    "state_machine": "GenericStateMachine",
    "type": "Tutorial",
    "comment": "Zandora Wastelands Trial: The Song for Death (Zandora Wastelands AR10)",
    "quest_id": 60100002,
    "next_quest": 0,
    "base_level": 57,
    "minimum_item_rank": 0,
    "discoverable": false,
    "stage_id": {
        "id": 139
    },
    "area_id": "ZandoraWastelands",
    "order_conditions": [
        {
            "type": "AreaRank",
            "Param1": 10,
            "Param2": 9
        }
    ],
    "rewards": [
        {
            "type": "exp",
            "amount": 7500
        },
        {
            "type": "wallet",
            "wallet_type": "Gold",
            "amount": 8500
        },
        {
            "type": "wallet",
            "wallet_type": "RiftPoints",
            "amount": 750
        }
    ],
    "enemy_groups": [
        {
            "stage_id": {
                "id": 1,
                "group_id": 376
            },
            "starting_index": 4,
            "enemies": [
                {
                    "comment": "Wailing Mora (Nightmare)",
                    "enemy_id": "0x015305",
                    "level": 58,
                    "exp": 17662,
                    "is_boss": true,
                    "named_enemy_params_id": 263
                }
            ]
        }
    ],
    "blocks": [
        {
            "type": "NpcTalkAndOrder",
            "stage_id": {
                "id": 139
            },
            "npc_id": "Dian",
            "message_id": 14468
        },
        {
            "type": "DiscoverEnemy",
            "announce_type": "Accept",
            "groups": [
                0
            ],
            "result_commands": [
                {
                    "comment": "Dian idle dialogue.",
                    "type": "QstTalkChg",
                    "Param1": 4507,
                    "Param2": 14470
                }
            ]
        },
        {
            "type": "KillGroup",
            "announce_type": "Update",
            "reset_group": false,
            "caution": true,
            "groups": [
                0
            ]
        },
        {
            "type": "TalkToNpc",
            "stage_id": {
                "id": 139
            },
            "checkpoint": true,
            "announce_type": "Update",
            "npc_id": "Dian",
            "message_id": 14469
        }
    ]
}
