{
    "state_machine": "GenericStateMachine",
    "type": "Tutorial",
    "comment": "Mysree Forest Trial: A Nightmare's Great Shadow (Mysree Forest AR13)",
    "quest_id": 60203000,
    "next_quest": 0,
    "base_level": 70,
    "minimum_item_rank": 0,
    "discoverable": false,
    "stage_id": { "id": 24 },
    "area_id": "MysreeForest",
    "order_conditions": [
        {
            "type": "AreaRank",
            "Param1": 3,
            "Param2": 12
        }
    ],
    "rewards": [
        {
            "type": "exp",
            "amount": 15350
        },
        {
            "type": "wallet",
            "wallet_type": "Gold",
            "amount": 4618
        },
        {
            "type": "wallet",
            "wallet_type": "RiftPoints",
            "amount": 600
        }
    ],
    "enemy_groups": [
        {
            "stage_id": {
                "id": 1,
                "group_id": 122
            },
            "starting_index": 12,
            "enemies": [
                {
                    "comment": "Maritia the Kidnapper (Nightmare)",
                    "enemy_id": "0x015305",
                    "level": 70,
                    "exp": 10108,
                    "is_boss": true,
                    "named_enemy_params_id": 893
                }
            ]
        }
    ],
    "blocks": [
        {
            "type": "NpcTalkAndOrder",
            "stage_id": {
                "id": 24
            },
            "npc_id": "Patricia",
            "message_id": 17656
        },
        {
            "type": "DiscoverEnemy",
            "announce_type": "Accept",
            "groups": [ 0 ],
            "result_commands": [
                {
                    "comment": "ONeill idle dialogue.",
                    "type": "QstTalkChg",
                    "Param1": 1412,
                    "Param2": 17672
                }
            ]
        },
        {
            "type": "KillGroup",
            "announce_type": "Update",
            "reset_group": false,
            "groups": [ 0 ]
        },
        {
            "type": "TalkToNpc",
            "stage_id": {
                "id": 24
            },
            "checkpoint": true,
            "announce_type": "Update",
            "npc_id": "Patricia",
            "message_id": 17660
        }
    ]
}
