{
    "state_machine": "GenericStateMachine",
    "type": "Tutorial",
    "comment": "Breya Coast Trial: A Bright Blue Glow (Breya Coast AR13)",
    "quest_id": 60202000,
    "next_quest": 0,
    "base_level": 60,
    "minimum_item_rank": 0,
    "discoverable": false,
    "stage_id": { "id": 26 },
    "area_id": "BreyaCoast",
    "order_conditions": [
        {
            "type": "AreaRank",
            "Param1": 2,
            "Param2": 12
        }
    ],
    "rewards": [
        {
            "type": "exp",
            "amount": 1891
        },
        {
            "type": "wallet",
            "wallet_type": "Gold",
            "amount": 990
        },
        {
            "type": "wallet",
            "wallet_type": "RiftPoints",
            "amount": 125
        }
    ],
    "enemy_groups": [
        {
            "stage_id": {
                "id": 133,
                "group_id": 4
            },
            "starting_index": 4,
            "enemies": [
                {
                    "comment": "Spark Blue",
                    "enemy_id": "0x0010461",
                    "level": 60,
                    "exp": 288,
                    "named_enemy_params_id": 892
                },
                {
                    "enemy_id": "0x0010460",
                    "level": 60,
                    "exp": 288
                },
                {
                    "enemy_id": "0x0010460",
                    "level": 60,
                    "exp": 288
                },
                {
                    "enemy_id": "0x0010460",
                    "level": 60,
                    "exp": 288
                },
                {
                    "enemy_id": "0x0010460",
                    "level": 60,
                    "exp": 288
                }
            ]
        }
    ],
    "blocks": [
        {
            "type": "NpcTalkAndOrder",
            "stage_id": {
                "id": 26
            },
            "npc_id": "ONeill",
            "message_id": 17632
        },
        {
            "type": "DiscoverEnemy",
            "announce_type": "Accept",
            "groups": [ 0 ],
            "result_commands": [
                {
                    "comment": "ONeill idle dialogue.",
                    "type": "QstTalkChg",
                    "Param1": 1205,
                    "Param2": 17638
                }
            ]
        },
        {
            "type": "KillGroup",
            "announce_type": "Update",
            "reset_group": false,
            "caution": true,
            "groups": [ 0 ]
        },
        {
            "type": "TalkToNpc",
            "stage_id": {
                "id": 26
            },
            "checkpoint": true,
            "announce_type": "Update",
            "npc_id": "ONeill",
            "message_id": 17639
        }
    ]
}
