{
    "state_machine": "GenericStateMachine",
    "type": "Tutorial",
    "comment": "Skill Augmentation: Fighter Trial I",
    "quest_id": 60200100,
    "next_quest": 0,
    "base_level": 40,
    "minimum_item_rank": 0,
    "discoverable": false,
    "stage_id": {"id": 66},
    "order_conditions": [
        {
            "type": "MinimumVocationLevel",
            "Param1": 1,
            "Param2": 40
        }
    ],
    "rewards": [
        {
            "type": "wallet",
            "wallet_type": "Gold",
            "amount": 600
        },
        {
            "type": "wallet",
            "wallet_type": "RiftPoints",
            "amount": 60
        },
        {
            "type": "exp",
            "amount": 2500
        }
    ],
    "enemy_groups": [
        {
            "stage_id": {
                "id": 85,
                "group_id": 3
            },
            "enemies": [
                {
                    "comment": "undead male",
                    "enemy_id": "0x010500",
                    "level": 40,
                    "exp": 110
                },
                {
                    "comment": "undead female",
                    "enemy_id": "0x010501",
                    "level": 40,
                    "exp": 110
                },
                {
                    "comment": "undead male",
                    "enemy_id": "0x010500",
                    "level": 40,
                    "exp": 110
                },
                {
                    "comment": "undead female",
                    "enemy_id": "0x010501",
                    "level": 40,
                    "exp": 110
                },
                {
                    "comment": "skeleton warrior",
                    "enemy_id": "0x010302",
                    "level": 40,
                    "exp": 125,
                    "blood_orbs": 8
                },
                {
                    "comment": "skeleton warrior",
                    "enemy_id": "0x010302",
                    "level": 40,
                    "exp": 125,
                    "blood_orbs": 8
                },
                {
                    "comment": "skeleton warrior",
                    "enemy_id": "0x010302",
                    "level": 40,
                    "exp": 125,
                    "blood_orbs": 8
                }
            ]
        },
        {
            "stage_id": {
                "id": 85,
                "group_id": 7
            },
            "enemies": [
                {
                    "comment": "mudman",
                    "enemy_id": "0x010509",
                    "level": 40,
                    "exp": 185
                },
                {
                    "comment": "skeleton warrior",
                    "enemy_id": "0x010302",
                    "level": 40,
                    "exp": 162,
                    "blood_orbs": 8
                },
                {
                    "comment": "skeleton warrior",
                    "enemy_id": "0x010302",
                    "level": 40,
                    "exp": 162
                },
                {
                    "comment": "mudman",
                    "enemy_id": "0x010509",
                    "level": 40,
                    "exp": 185
                },
                {
                    "comment": "skeleton warrior",
                    "enemy_id": "0x010302",
                    "level": 40,
                    "exp": 162,
                    "blood_orbs": 8
                }
            ]
        },
        {
            "stage_id": {
                "id": 85,
                "group_id": 10
            },
            "enemies": [
                {
                    "comment": "Skull Lord",
                    "enemy_id": "0x010313",
                    "level": 40,
                    "exp": 185
                }
            ]
        }
    ],
    "blocks": [
        {
            "type": "NpcTalkAndOrder",
            "stage_id": {
                "id": 66,
                "group_id": 1
            },
            "npc_id": "Vanessa0",
            "message_id": 17589
        },
        {
            "type": "NewTalkToNpc",
            "stage_id": {
                "id": 85,
                "group_id": 1,
                "layer_no": 1
            },
            "flags": [
                {"type": "QstLayout", "action": "Set", "value": 3583, "comment": "Spawns Vanessa"}
            ],
            "announce_type": "Accept",
            "npc_id": "Vanessa0",
            "message_id": 17591
        },
        {
            "type": "DiscoverEnemy",
            "announce_type": "Update",
            "flags": [
                {"type": "MyQst", "action": "Set", "value": 1346, "comment": "Makes Vanessa follow the player"}
            ],
            "groups": [ 0 ]
        },
        {
            "type": "KillGroup",
            "announce_type": "Update",
            "reset_group": false,
            "groups": [ 0 ]
        },
        {
            "type": "DiscoverEnemy",
            "checkpoint": true,
            "announce_type": "Update",
            "groups": [ 1 ]
        },
        {
            "type": "KillGroup",
            "announce_type": "Update",
            "reset_group": false,
            "groups": [ 1 ]
        },
        {
            "type": "DiscoverEnemy",
            "checkpoint": true,
            "announce_type": "Update",
            "groups": [ 2 ]
        },
        {
            "type": "KillGroup",
            "announce_type": "Update",
            "reset_group": false,
            "groups": [ 2 ]
        },
        {
            "type": "TalkToNpc",
            "checkpoint": true,
            "announce_type": "Update",
            "stage_id": {
                "id": 66,
                "group_id": 1
            },
            "npc_id": "Vanessa0",
            "message_id": 17593
        }
    ]
}
