{
    "state_machine": "GenericStateMachine",
    "type": "Tutorial",
    "comment": "Mysree Grove Trial: The Long-Forgotten Memory (Mysree Grove AR13)",
    "quest_id": 60206000,
    "next_quest": 0,
    "base_level": 63,
    "minimum_item_rank": 0,
    "discoverable": false,
    "stage_id": { "id": 137 },
    "area_id": "MysreeGrove",
    "order_conditions": [
        {
            "type": "AreaRank",
            "Param1": 6,
            "Param2": 12
        }
    ],
    "rewards": [
        {
            "type": "exp",
            "amount": 1938
        },
        {
            "type": "wallet",
            "wallet_type": "Gold",
            "amount": 1039
        },
        {
            "type": "wallet",
            "wallet_type": "RiftPoints",
            "amount": 132
        }
    ],
    "enemy_groups": [
        {
            "stage_id": {
                "id": 1,
                "group_id": 151
            },
            "comment": "In video evidence, this is two groups of three, possibly subgroups?",
            "enemies": [
                {
                    "comment": "Figure Fluctuating in the Mist (Mist Warrior)",
                    "enemy_id": "0x011034",
                    "level": 63,
                    "exp": 296,
                    "hm_present_no": 72,
                    "named_enemy_params_id": 895
                },
                {
                    "comment": "Figure Fluctuating in the Mist (Mist Warrior)",
                    "enemy_id": "0x011034",
                    "level": 63,
                    "exp": 296,
                    "hm_present_no": 72,
                    "named_enemy_params_id": 895
                },
                {
                    "comment": "Figure Fluctuating in the Mist (Mist Warrior)",
                    "enemy_id": "0x011034",
                    "level": 63,
                    "exp": 296,
                    "hm_present_no": 72,
                    "named_enemy_params_id": 895
                },
                {
                    "comment": "Figure Fluctuating in the Mist (Mist Warrior)",
                    "enemy_id": "0x011034",
                    "level": 63,
                    "exp": 296,
                    "hm_present_no": 72,
                    "named_enemy_params_id": 895
                },
                {
                    "comment": "Figure Fluctuating in the Mist (Mist Warrior)",
                    "enemy_id": "0x011034",
                    "level": 63,
                    "exp": 296,
                    "hm_present_no": 72,
                    "named_enemy_params_id": 895
                },
                {
                    "comment": "Figure Fluctuating in the Mist (Mist Warrior)",
                    "enemy_id": "0x011034",
                    "level": 63,
                    "exp": 296,
                    "hm_present_no": 72,
                    "named_enemy_params_id": 895
                }
            ]
        }
    ],
    "blocks": [
        {
            "type": "NpcTalkAndOrder",
            "stage_id": {
                "id": 137
            },
            "npc_id": "Christine",
            "message_id": 17712
        },
        {
            "type": "DiscoverEnemy",
            "announce_type": "Accept",
            "groups": [ 0 ],
            "result_commands": [
                {
                    "comment": "Christine idle dialogue.",
                    "type": "QstTalkChg",
                    "Param1": 4506,
                    "Param2": 17713
                }
            ]
        },
        {
            "type": "KillGroup",
            "announce_type": "Update",
            "reset_group": false,
            "caution": true,
            "groups": [ 0 ]
        },
        {
            "type": "TalkToNpc",
            "stage_id": {
                "id": 137
            },
            "checkpoint": true,
            "announce_type": "Update",
            "npc_id": "Christine",
            "message_id": 17714
        }
    ]
}
