{
    "state_machine": "GenericStateMachine",
    "type": "Tutorial",
    "comment": "Eastern Zandora Trial: The Hollow Visitors (Eastern Zandora AR13)",
    "quest_id": 60211000,
    "next_quest": 0,
    "base_level": 65,
    "minimum_item_rank": 0,
    "discoverable": false,
    "stage_id": {
        "id": 61
    },
    "area_id": "EasternZandora",
    "order_conditions": [
        {
            "type": "AreaRank",
            "Param1": 11,
            "Param2": 12
        }
    ],
    "rewards": [
        {
            "type": "exp",
            "amount": 1970
        },
        {
            "type": "wallet",
            "wallet_type": "Gold",
            "amount": 1072
        },
        {
            "type": "wallet",
            "wallet_type": "RiftPoints",
            "amount": 137
        }
    ],
    "enemy_groups": [
        {
            "stage_id": {
                "id": 1,
                "group_id": 458
            },
            "enemies": [
                {
                    "comment": "Hollow Knight (Ghost Mail)",
                    "enemy_id": "0x010311",
                    "level": 65,
                    "exp": 720,
                    "named_enemy_params_id": 900
                },
                {
                    "comment": "Hollow Knight (Ghost Mail)",
                    "enemy_id": "0x010311",
                    "level": 65,
                    "exp": 720,
                    "named_enemy_params_id": 900
                }
            ]
        }
    ],
    "blocks": [
        {
            "type": "NpcTalkAndOrder",
            "stage_id": {
                "id": 61
            },
            "npc_id": "Nadia",
            "message_id": 17756
        },
        {
            "type": "DiscoverEnemy",
            "announce_type": "Accept",
            "groups": [
                0
            ],
            "result_commands": [
                {
                    "comment": "Nadia idle dialogue.",
                    "type": "QstTalkChg",
                    "Param1": 1811,
                    "Param2": 17757
                }
            ]
        },
        {
            "type": "KillGroup",
            "announce_type": "Update",
            "reset_group": false,
            "caution": true,
            "groups": [
                0
            ]
        },
        {
            "type": "TalkToNpc",
            "stage_id": {
                "id": 61
            },
            "checkpoint": true,
            "announce_type": "Update",
            "npc_id": "Nadia",
            "message_id": 17758
        }
    ]
}
