#questId,Type,Group,Subgroup,Index,scheduleId,comment
00000001,0,0,0,1,128,
00000002,0,0,0,2,256,
00000003,0,0,0,3,384,
00000004,0,0,0,4,512,
00000005,0,0,0,5,640,
00000006,0,0,0,6,768,
00000007,0,0,0,7,896,
00000008,0,0,0,8,1024,
00000009,0,0,0,9,1152,
00000010,0,0,0,10,1280,
00000011,0,0,0,11,1408,
00000012,0,0,0,12,1536,
00000013,0,0,0,13,1664,
00000014,0,0,0,14,1792,
00000015,0,0,0,15,1920,
00000016,0,0,0,16,2048,
00000017,0,0,0,17,2176,
00000018,0,0,0,18,2304,
00000019,0,0,0,19,2432,
00000020,0,0,0,20,2560,
00000021,0,0,0,21,2688,
00000022,0,0,0,22,2816,
00000023,0,0,0,23,2944,
00000024,0,0,0,24,3072,
00000025,0,0,0,25,3200,
00000026,0,0,0,26,3328,
00000027,0,0,0,27,3456,
00000028,0,0,0,28,3584,
00000029,0,0,0,29,3712,
00000030,0,0,0,30,3840,
00020010,0,2,0,10,4195584,
00020020,0,2,0,20,4196864,
00020030,0,2,0,30,4198144,
00020040,0,2,0,40,4199424,
00020050,0,2,0,50,4200704,
00020060,0,2,0,60,4201984,
00020070,0,2,0,70,4203264,
00020080,0,2,0,80,4204544,
00020090,0,2,0,90,4205824,
00020100,0,2,1,0,4210688,
00020110,0,2,1,10,4211968,
00020120,0,2,1,20,4213248,
00020130,0,2,1,30,4214528,
00020140,0,2,1,40,4215808,
00020150,0,2,1,50,4217088,
00020160,0,2,1,60,4218368,
00020170,0,2,1,70,4219648,
00020180,0,2,1,80,4220928,
00020190,0,2,1,90,4222208,
00020200,0,2,2,0,4227072,
00020210,0,2,2,10,4228352,
00020220,0,2,2,20,4229632,
00020230,0,2,2,30,4230912,
00020240,0,2,2,40,4232192,
00020250,0,2,2,50,4233472,
00030010,0,3,0,10,6292736,
00030020,0,3,0,20,6294016,
00030030,0,3,0,30,6295296,
00030040,0,3,0,40,6296576,
00030050,0,3,0,50,6297856,
00030060,0,3,0,60,6299136,
00030070,0,3,0,70,6300416,
00030080,0,3,0,80,6301696,
00030090,0,3,0,90,6302976,
00030100,0,3,1,0,6307840,
00030110,0,3,1,10,6309120,
00030120,0,3,1,20,6310400,
00030125,0,3,1,25,6311040,
00030130,0,3,1,30,6311680,
00030140,0,3,1,40,6312960,
00030150,0,3,1,50,6314240,
00030160,0,3,1,60,6315520,
00030170,0,3,1,70,6316800,
00030180,0,3,1,80,6318080,
00030190,0,3,1,90,6319360,
00030200,0,3,2,0,6324224,
00030210,0,3,2,10,6325504,
00030220,0,3,2,20,6326784,
00030230,0,3,2,30,6328064,
00030240,0,3,2,40,6329344,
00030250,0,3,2,50,6330624,
00030260,0,3,2,60,6331904,
00030270,0,3,2,70,6333184,
00030410,0,3,4,10,6358272,
00030420,0,3,4,20,6359552,
00030430,0,3,4,30,6360832,
00030440,0,3,4,40,6362112,
10300100,1,0,1,0,268451840,
10300101,1,0,1,1,268451968,
10300102,1,0,1,2,268452096,
10300103,1,0,1,3,268452224,
10300104,1,0,1,4,268452352,
10300200,1,0,2,0,268468224,
10300201,1,0,2,1,268468352,
10300202,1,0,2,2,268468480,
10300203,1,0,2,3,268468608,
10300204,1,0,2,4,268468736,
10300300,1,0,3,0,268484608,
10300301,1,0,3,1,268484736,
10300302,1,0,3,2,268484864,
10300303,1,0,3,3,268484992,
10300400,1,0,4,0,268500992,
10300401,1,0,4,1,268501120,
10300402,1,0,4,2,268501248,
10300403,1,0,4,3,268501376,
10300500,1,0,5,0,268517376,
10300600,1,0,6,0,268533760,
10300700,1,0,7,0,268550144,
10300701,1,0,7,1,268550272,
10300702,1,0,7,2,268550400,
10300703,1,0,7,3,268550528,
10300704,1,0,7,4,268550656,
10300705,1,0,7,5,268550784,
10310100,1,1,1,0,270548992,
10310101,1,1,1,1,270549120,
10310200,1,1,2,0,270565376,
10310300,1,1,3,0,270581760,
10310301,1,1,3,1,270581888,
10310302,1,1,3,2,270582016,
10310400,1,1,4,0,270598144,
10310500,1,1,5,0,270614528,
10310501,1,1,5,1,270614656,
10310600,1,1,6,0,270630912,
10310601,1,1,6,1,270631040,
10310602,1,1,6,2,270631168,
10310603,1,1,6,3,270631296,
10310700,1,1,7,0,270647296,
10310701,1,1,7,1,270647424,
10310702,1,1,7,2,270647552,
10320100,1,2,1,0,272646144,
10320101,1,2,1,1,272646272,
10320200,1,2,2,0,272662528,
10320201,1,2,2,1,272662656,
10320202,1,2,2,2,272662784,
10320300,1,2,3,0,272678912,
10320301,1,2,3,1,272679040,
10320400,1,2,4,0,272695296,
10320401,1,2,4,1,272695424,
10320500,1,2,5,0,272711680,
10320501,1,2,5,1,272711808,
10320502,1,2,5,2,272711936,
10320601,1,2,6,1,272728192,
10320700,1,2,7,0,272744448,
10320701,1,2,7,1,272744576,
10320702,1,2,7,2,272744704,
19000004,1,0,9,4,268583424,
15010001,15,1,0,1,4028629120,
15010002,15,1,0,2,4028629248,
15010003,15,1,0,3,4028629376,
15020001,15,2,0,1,4030726272,
15020002,15,2,0,2,4030726400,
15020003,15,2,0,3,4030726528,
15030001,15,3,0,1,4032823424,
15030002,15,3,0,2,4032823552,
15030003,15,3,0,3,4032823680,
15040001,15,4,0,1,4034920576,
15040002,15,4,0,2,4034920704,
15040003,15,4,0,3,4034920832,
15050001,15,5,0,1,4037017728,
15050002,15,5,0,2,4037017856,
15050003,15,5,0,3,4037017984,
15060001,15,6,0,1,4039114880,
15060002,15,6,0,2,4039115008,
15060003,15,6,0,3,4039115136,
15070001,15,7,0,1,4041212032,
15080001,15,8,0,1,4043309184,
15090001,15,9,0,1,4045406336,
15100002,15,10,0,2,4047503616,
15110001,15,11,0,1,4049600640,
15110002,15,11,0,2,4049600768,
15110003,15,11,0,3,4049600896,
15120002,15,12,0,2,4051697920,
15130003,15,13,0,3,4053795200,
15140003,15,14,0,3,4055892352,
15150003,15,15,0,3,4057989504,
20000000,2,0,0,0,536870912,
20000001,2,0,0,1,536871040,
20000002,2,0,0,2,536871168,
20000003,2,0,0,3,536871296,
20000004,2,0,0,4,536871424,
20000005,2,0,0,5,536871552,
20000006,2,0,0,6,536871680,
20000007,2,0,0,7,536871808,
20000008,2,0,0,8,536871936,
20000009,2,0,0,9,536872064,
20000010,2,0,0,10,536872192,
20000011,2,0,0,11,536872320,
20000012,2,0,0,12,536872448,
20000013,2,0,0,13,536872576,
20000014,2,0,0,14,536872704,
20000015,2,0,0,15,536872832,
20000016,2,0,0,16,536872960,
20000017,2,0,0,17,536873088,
20000018,2,0,0,18,536873216,
20005000,2,0,5,0,536952832,
20005001,2,0,5,1,536952960,
20005002,2,0,5,2,536953088,
20005003,2,0,5,3,536953216,
20005004,2,0,5,4,536953344,
20005006,2,0,5,6,536953600,
20005010,2,0,5,10,536954112,
20005011,2,0,5,11,536954240,
20005012,2,0,5,12,536954368,
20005013,2,0,5,13,536954496,
20005014,2,0,5,14,536954624,
20010000,2,0,10,0,537034752,
20010001,2,0,10,1,537034880,
20010002,2,0,10,2,537035008,
20010003,2,0,10,3,537035136,
20010004,2,0,10,4,537035264,
20010005,2,0,10,5,537035392,
20010006,2,0,10,6,537035520,
20010007,2,0,10,7,537035648,
20010008,2,0,10,8,537035776,
20015000,2,0,15,0,537116672,
20015001,2,0,15,1,537116800,
20015002,2,0,15,2,537116928,
20015003,2,0,15,3,537117056,
20015004,2,0,15,4,537117184,
20015005,2,0,15,5,537117312,
20015006,2,0,15,6,537117440,
20020000,2,0,20,0,537198592,
20020001,2,0,20,1,537198720,
20020002,2,0,20,2,537198848,
20020003,2,0,20,3,537198976,
20020004,2,0,20,4,537199104,
20020005,2,0,20,5,537199232,
20020006,2,0,20,6,537199360,
20020007,2,0,20,7,537199488,
20020008,2,0,20,8,537199616,
20020009,2,0,20,9,537199744,
20020010,2,0,20,10,537199872,
20020011,2,0,20,11,537200000,
20025000,2,0,25,0,537280512,
20025001,2,0,25,1,537280640,
20025002,2,0,25,2,537280768,
20025003,2,0,25,3,537280896,
20025004,2,0,25,4,537281024,
20025005,2,0,25,5,537281152,
20025006,2,0,25,6,537281280,
20025007,2,0,25,7,537281408,
20025008,2,0,25,8,537281536,
20025009,2,0,25,9,537281664,
20025010,2,0,25,10,537281792,
20030000,2,0,30,0,537362432,
20030001,2,0,30,1,537362560,
20030002,2,0,30,2,537362688,
20030003,2,0,30,3,537362816,
20030004,2,0,30,4,537362944,
20030005,2,0,30,5,537363072,
20030006,2,0,30,6,537363200,
20030007,2,0,30,7,537363328,
20030008,2,0,30,8,537363456,
20030009,2,0,30,9,537363584,
20035000,2,0,35,0,537444352,
20035001,2,0,35,1,537444480,
20035002,2,0,35,2,537444608,
20035003,2,0,35,3,537444736,
20035004,2,0,35,4,537444864,
20035005,2,0,35,5,537444992,
20035006,2,0,35,6,537445120,
20035007,2,0,35,7,537445248,
20035008,2,0,35,8,537445376,
20035009,2,0,35,9,537445504,
20035010,2,0,35,10,537445632,
20040000,2,0,40,0,537526272,
20040001,2,0,40,1,537526400,
20040002,2,0,40,2,537526528,
20040003,2,0,40,3,537526656,
20040004,2,0,40,4,537526784,
20040005,2,0,40,5,537526912,
20040006,2,0,40,6,537527040,
20040007,2,0,40,7,537527168,
20040008,2,0,40,8,537527296,
20040009,2,0,40,9,537527424,
20045000,2,0,45,0,537608192,
20045001,2,0,45,1,537608320,
20045002,2,0,45,2,537608448,
20045003,2,0,45,3,537608576,
20045004,2,0,45,4,537608704,
20045005,2,0,45,5,537608832,
20045006,2,0,45,6,537608960,
20045007,2,0,45,7,537609088,
20045008,2,0,45,8,537609216,
20050000,2,0,50,0,537690112,
20050001,2,0,50,1,537690240,
20050002,2,0,50,2,537690368,
20050003,2,0,50,3,537690496,
20050004,2,0,50,4,537690624,
20050005,2,0,50,5,537690752,
20050006,2,0,50,6,537690880,
20050007,2,0,50,7,537691008,
20050008,2,0,50,8,537691136,
20050009,2,0,50,9,537691264,
20055000,2,0,55,0,537772032,
20055001,2,0,55,1,537772160,
20055002,2,0,55,2,537772288,
20055003,2,0,55,3,537772416,
20055004,2,0,55,4,537772544,
20055005,2,0,55,5,537772672,
20055006,2,0,55,6,537772800,
20055007,2,0,55,7,537772928,
20055008,2,0,55,8,537773056,
20055009,2,0,55,9,537773184,
20060000,2,0,60,0,537853952,
20060001,2,0,60,1,537854080,
20060002,2,0,60,2,537854208,
20060003,2,0,60,3,537854336,
20065000,2,0,65,0,537935872,
20065001,2,0,65,1,537936000,
20065002,2,0,65,2,537936128,
20065003,2,0,65,3,537936256,
20065004,2,0,65,4,537936384,
20065005,2,0,65,5,537936512,
20070000,2,0,70,0,538017792,
20070001,2,0,70,1,538017920,
20070002,2,0,70,2,538018048,
20070003,2,0,70,3,538018176,
20070004,2,0,70,4,538018304,
20070005,2,0,70,5,538018432,
20070006,2,0,70,6,538018560,
20075000,2,0,75,0,538099712,
20075001,2,0,75,1,538099840,
20075002,2,0,75,2,538099968,
20075003,2,0,75,3,538100096,
20075004,2,0,75,4,538100224,
20075005,2,0,75,5,538100352,
20075006,2,0,75,6,538100480,
20075007,2,0,75,7,538100608,
20075008,2,0,75,8,538100736,
20075009,2,0,75,9,538100864,
20080000,2,0,80,0,538181632,
20080001,2,0,80,1,538181760,
20080002,2,0,80,2,538181888,
20080003,2,0,80,3,538182016,
20080004,2,0,80,4,538182144,
20080005,2,0,80,5,538182272,
20080006,2,0,80,6,538182400,
20080007,2,0,80,7,538182528,
20085000,2,0,85,0,538263552,
20085001,2,0,85,1,538263680,
20085002,2,0,85,2,538263808,
20085003,2,0,85,3,538263936,
20085004,2,0,85,4,538264064,
20085005,2,0,85,5,538264192,
20085006,2,0,85,6,538264320,
20085007,2,0,85,7,538264448,
20085008,2,0,85,8,538264576,
20085009,2,0,85,9,538264704,
20085010,2,0,85,10,538264832,
20090000,2,0,90,0,538345472,
20090001,2,0,90,1,538345600,
20090002,2,0,90,2,538345728,
20090003,2,0,90,3,538345856,
20095000,2,0,95,0,538427392,
20095001,2,0,95,1,538427520,
20095002,2,0,95,2,538427648,
20095003,2,0,95,3,538427776,
20095004,2,0,95,4,538427904,
20095005,2,0,95,5,538428032,
20095006,2,0,95,6,538428160,
20095007,2,0,95,7,538428288,
20095008,2,0,95,8,538428416,
20095009,2,0,95,9,538428544,
20095010,2,0,95,10,538428672,
20095011,2,0,95,11,538428800,
20095012,2,0,95,12,538428928,
20095013,2,0,95,13,538429056,
20095014,2,0,95,14,538429184,
20100000,2,1,0,0,538968064,
20100001,2,1,0,1,538968192,
20100002,2,1,0,2,538968320,
20100003,2,1,0,3,538968448,
20105000,2,1,5,0,539049984,
20105001,2,1,5,1,539050112,
20105002,2,1,5,2,539050240,
20105003,2,1,5,3,539050368,
20105004,2,1,5,4,539050496,
20105005,2,1,5,5,539050624,
20105006,2,1,5,6,539050752,
20105007,2,1,5,7,539050880,
20105008,2,1,5,8,539051008,
20990000,2,9,90,0,557219840,
20990001,2,9,90,1,557219968,
20990002,2,9,90,2,557220096,
20990003,2,9,90,3,557220224,
20990004,2,9,90,4,557220352,
20995000,2,9,95,0,557301760,
20995001,2,9,95,1,557301888,
20995002,2,9,95,2,557302016,
20995003,2,9,95,3,557302144,
20995004,2,9,95,4,557302272,
20995005,2,9,95,5,557302400,
20995006,2,9,95,6,557302528,
20995007,2,9,95,7,557302656,
20995008,2,9,95,8,557302784,
20995009,2,9,95,9,557302912,
20995010,2,9,95,10,557303040,
20995011,2,9,95,11,557303168,
20995012,2,9,95,12,557303296,
21000000,2,10,0,0,557842432,
21000001,2,10,0,1,557842560,
21000002,2,10,0,2,557842688,
21000003,2,10,0,3,557842816,
21000004,2,10,0,4,557842944,
21000005,2,10,0,5,557843072,
21000006,2,10,0,6,557843200,
21000007,2,10,0,7,557843328,
21000008,2,10,0,8,557843456,
21000009,2,10,0,9,557843584,
21000010,2,10,0,10,557843712,
21000011,2,10,0,11,557843840,
21000012,2,10,0,12,557843968,
21000013,2,10,0,13,557844096,
21000014,2,10,0,14,557844224,
21000015,2,10,0,15,557844352,
21000016,2,10,0,16,557844480,
21000017,2,10,0,17,557844608,
21000018,2,10,0,18,557844736,
21000019,2,10,0,19,557844864,
21000020,2,10,0,20,557844992,
21000021,2,10,0,21,557845120,
21000022,2,10,0,22,557845248,
21000023,2,10,0,23,557845376,
21000024,2,10,0,24,557845504,
21000025,2,10,0,25,557845632,
21000026,2,10,0,26,557845760,
21000027,2,10,0,27,557845888,
21000028,2,10,0,28,557846016,
21000029,2,10,0,29,557846144,
21000030,2,10,0,30,557846272,
21000031,2,10,0,31,557846400,
21000032,2,10,0,32,557846528,
21000033,2,10,0,33,557846656,
21000034,2,10,0,34,557846784,
21000035,2,10,0,35,557846912,
21000036,2,10,0,36,557847040,
21000037,2,10,0,37,557847168,
21000038,2,10,0,38,557847296,
21000039,2,10,0,39,557847424,
21000040,2,10,0,40,557847552,
21000041,2,10,0,41,557847680,
21000042,2,10,0,42,557847808,
21000043,2,10,0,43,557847936,
21000044,2,10,0,44,557848064,
21000045,2,10,0,45,557848192,
21000046,2,10,0,46,557848320,
21000047,2,10,0,47,557848448,
21000048,2,10,0,48,557848576,
21000049,2,10,0,49,557848704,
21000050,2,10,0,50,557848832,
21000051,2,10,0,51,557848960,
21000052,2,10,0,52,557849088,
21000053,2,10,0,53,557849216,
21000054,2,10,0,54,557849344,
21000055,2,10,0,55,557849472,
21000056,2,10,0,56,557849600,
21000057,2,10,0,57,557849728,
21000058,2,10,0,58,557849856,
21000059,2,10,0,59,557849984,
21000060,2,10,0,60,557850112,
21000061,2,10,0,61,557850240,
21000062,2,10,0,62,557850368,
21000063,2,10,0,63,557850496,
21000064,2,10,0,64,557850624,
21000065,2,10,0,65,557850752,
21000066,2,10,0,66,557850880,
21000067,2,10,0,67,557851008,
21000068,2,10,0,68,557851136,
21000069,2,10,0,69,557851264,
21000070,2,10,0,70,557851392,
21000071,2,10,0,71,557851520,
21000072,2,10,0,72,557851648,
21000073,2,10,0,73,557851776,
21000074,2,10,0,74,557851904,
21000075,2,10,0,75,557852032,
21000076,2,10,0,76,557852160,
21000077,2,10,0,77,557852288,
21000078,2,10,0,78,557852416,
21000079,2,10,0,79,557852544,
21000080,2,10,0,80,557852672,
21000081,2,10,0,81,557852800,
21000082,2,10,0,82,557852928,
21000083,2,10,0,83,557853056,
21000084,2,10,0,84,557853184,
21000085,2,10,0,85,557853312,
21000086,2,10,0,86,557853440,
21000087,2,10,0,87,557853568,
21000088,2,10,0,88,557853696,
21000089,2,10,0,89,557853824,
21000090,2,10,0,90,557853952,
21000091,2,10,0,91,557854080,
21000092,2,10,0,92,557854208,
21000093,2,10,0,93,557854336,
21000094,2,10,0,94,557854464,
21000095,2,10,0,95,557854592,
21000096,2,10,0,96,557854720,
21000097,2,10,0,97,557854848,
21000098,2,10,0,98,557854976,
21000099,2,10,0,99,557855104,
21013000,2,10,13,0,558055424,
21014000,2,10,14,0,558071808,
21014001,2,10,14,1,558071936,
21014002,2,10,14,2,558072064,
21014003,2,10,14,3,558072192,
21014004,2,10,14,4,558072320,
21014005,2,10,14,5,558072448,
21014006,2,10,14,6,558072576,
21014007,2,10,14,7,558072704,
21014008,2,10,14,8,558072832,
21014009,2,10,14,9,558072960,
21014010,2,10,14,10,558073088,
21014011,2,10,14,11,558073216,
21014012,2,10,14,12,558073344,
21014013,2,10,14,13,558073472,
21014014,2,10,14,14,558073600,
21014015,2,10,14,15,558073728,
21014016,2,10,14,16,558073856,
21014017,2,10,14,17,558073984,
21014018,2,10,14,18,558074112,
21014019,2,10,14,19,558074240,
21014020,2,10,14,20,558074368,
21014021,2,10,14,21,558074496,
21014022,2,10,14,22,558074624,
21014023,2,10,14,23,558074752,
21014024,2,10,14,24,558074880,
21015000,2,10,15,0,558088192,
21015001,2,10,15,1,558088320,
21015002,2,10,15,2,558088448,
21015003,2,10,15,3,558088576,
21015004,2,10,15,4,558088704,
21015005,2,10,15,5,558088832,
21015006,2,10,15,6,558088960,
21015007,2,10,15,7,558089088,
21015008,2,10,15,8,558089216,
21015009,2,10,15,9,558089344,
21015010,2,10,15,10,558089472,
21015011,2,10,15,11,558089600,
21015012,2,10,15,12,558089728,
21015013,2,10,15,13,558089856,
21015014,2,10,15,14,558089984,
21015015,2,10,15,15,558090112,
21015016,2,10,15,16,558090240,
21015017,2,10,15,17,558090368,
21015018,2,10,15,18,558090496,
21015019,2,10,15,19,558090624,
21015020,2,10,15,20,558090752,
21015021,2,10,15,21,558090880,
21015022,2,10,15,22,558091008,
21015023,2,10,15,23,558091136,
21015024,2,10,15,24,558091264,
21016000,2,10,16,0,558104576,
21016001,2,10,16,1,558104704,
21016002,2,10,16,2,558104832,
21016003,2,10,16,3,558104960,
21016004,2,10,16,4,558105088,
21016005,2,10,16,5,558105216,
21016006,2,10,16,6,558105344,
21016007,2,10,16,7,558105472,
21016008,2,10,16,8,558105600,
21016009,2,10,16,9,558105728,
21016010,2,10,16,10,558105856,
21016011,2,10,16,11,558105984,
21016012,2,10,16,12,558106112,
21016013,2,10,16,13,558106240,
21016014,2,10,16,14,558106368,
21016015,2,10,16,15,558106496,
21016016,2,10,16,16,558106624,
21016017,2,10,16,17,558106752,
21016018,2,10,16,18,558106880,
21016019,2,10,16,19,558107008,
21016020,2,10,16,20,558107136,
21016021,2,10,16,21,558107264,
21016022,2,10,16,22,558107392,
21016023,2,10,16,23,558107520,
21016024,2,10,16,24,558107648,
21017000,2,10,17,0,558120960,
21017001,2,10,17,1,558121088,
21017002,2,10,17,2,558121216,
21017003,2,10,17,3,558121344,
21017004,2,10,17,4,558121472,
21017005,2,10,17,5,558121600,
21017006,2,10,17,6,558121728,
21017007,2,10,17,7,558121856,
21017008,2,10,17,8,558121984,
21017009,2,10,17,9,558122112,
21017010,2,10,17,10,558122240,
21017011,2,10,17,11,558122368,
21017012,2,10,17,12,558122496,
21017013,2,10,17,13,558122624,
21017014,2,10,17,14,558122752,
21017015,2,10,17,15,558122880,
21017016,2,10,17,16,558123008,
21017017,2,10,17,17,558123136,
21017018,2,10,17,18,558123264,
21017019,2,10,17,19,558123392,
21017020,2,10,17,20,558123520,
21017021,2,10,17,21,558123648,
21017022,2,10,17,22,558123776,
21017023,2,10,17,23,558123904,
21017024,2,10,17,24,558124032,
22018000,2,20,18,0,579108864,
22018001,2,20,18,1,579108992,
22018002,2,20,18,2,579109120,
22018003,2,20,18,3,579109248,
22018004,2,20,18,4,579109376,
22018005,2,20,18,5,579109504,
22018006,2,20,18,6,579109632,
22018007,2,20,18,7,579109760,
22018008,2,20,18,8,579109888,
22018009,2,20,18,9,579110016,
22018010,2,20,18,10,579110144,
22018011,2,20,18,11,579110272,
22018012,2,20,18,12,579110400,
22018013,2,20,18,13,579110528,
22018014,2,20,18,14,579110656,
22018015,2,20,18,15,579110784,
22018016,2,20,18,16,579110912,
22018017,2,20,18,17,579111040,
22018018,2,20,18,18,579111168,
22018019,2,20,18,19,579111296,
22018020,2,20,18,20,579111424,
22018021,2,20,18,21,579111552,
22018022,2,20,18,22,579111680,
22018023,2,20,18,23,579111808,
22018024,2,20,18,24,579111936,
22018025,2,20,18,25,579112064,
22018026,2,20,18,26,579112192,
22018027,2,20,18,27,579112320,
22018028,2,20,18,28,579112448,
22018029,2,20,18,29,579112576,
22018030,2,20,18,30,579112704,
22018031,2,20,18,31,579112832,
22018032,2,20,18,32,579112960,
22018033,2,20,18,33,579113088,
22018034,2,20,18,34,579113216,
22018035,2,20,18,35,579113344,
22018036,2,20,18,36,579113472,
22018037,2,20,18,37,579113600,
22018038,2,20,18,38,579113728,
22018039,2,20,18,39,579113856,
22018040,2,20,18,40,579113984,
22018041,2,20,18,41,579114112,
22018042,2,20,18,42,579114240,
22018043,2,20,18,43,579114368,
22018044,2,20,18,44,579114496,
22018045,2,20,18,45,579114624,
22018046,2,20,18,46,579114752,
22018047,2,20,18,47,579114880,
22018048,2,20,18,48,579115008,
22018049,2,20,18,49,579115136,
22018050,2,20,18,50,579115264,
22018051,2,20,18,51,579115392,
22018052,2,20,18,52,579115520,
22018053,2,20,18,53,579115648,
22018054,2,20,18,54,579115776,
22018055,2,20,18,55,579115904,
22018056,2,20,18,56,579116032,
22018057,2,20,18,57,579116160,
22018058,2,20,18,58,579116288,
22020000,2,20,20,0,579141632,
22020001,2,20,20,1,579141760,
22020002,2,20,20,2,579141888,
22020003,2,20,20,3,579142016,
22020004,2,20,20,4,579142144,
22020005,2,20,20,5,579142272,
29300000,2,93,0,0,731906048,
29300001,2,93,0,1,731906176,
29300002,2,93,0,2,731906304,
29300003,2,93,0,3,731906432,
29999989,2,99,99,89,746122368,
29999990,2,99,99,90,746122496,
29999991,2,99,99,91,746122624,
29999992,2,99,99,92,746122752,
29999993,2,99,99,93,746122880,
29999994,2,99,99,94,746123008,
29999995,2,99,99,95,746123136,
29999996,2,99,99,96,746123264,
29999997,2,99,99,97,746123392,
29999998,2,99,99,98,746123520,
29999999,2,99,99,99,746123648,
30200001,3,0,0,1,805306496,
30200002,3,0,0,2,805306624,
30200003,3,0,0,3,805306752,
30200004,3,0,0,4,805306880,
30200005,3,0,0,5,805307008,
30200006,3,0,0,6,805307136,
30200007,3,0,0,7,805307264,
30200008,3,0,0,8,805307392,
30200009,3,0,0,9,805307520,
30200010,3,0,0,10,805307648,
30200011,3,0,0,11,805307776,
30200012,3,0,0,12,805307904,
30200013,3,0,0,13,805308032,
30200014,3,0,0,14,805308160,
30200015,3,0,0,15,805308288,
30200016,3,0,0,16,805308416,
30200017,3,0,0,17,805308544,
30200018,3,0,0,18,805308672,
30200019,3,0,0,19,805308800,
30200020,3,0,0,20,805308928,
30200021,3,0,0,21,805309056,
30200022,3,0,0,22,805309184,
30200023,3,0,0,23,805309312,
30200024,3,0,0,24,805309440,
30200025,3,0,0,25,805309568,
30200026,3,0,0,26,805309696,
30200027,3,0,0,27,805309824,
30200028,3,0,0,28,805309952,
30200029,3,0,0,29,805310080,
30200030,3,0,0,30,805310208,
30200031,3,0,0,31,805310336,
30200032,3,0,0,32,805310464,
30200033,3,0,0,33,805310592,
30200034,3,0,0,34,805310720,
30200035,3,0,0,35,805310848,
30200036,3,0,0,36,805310976,
30200037,3,0,0,37,805311104,
30200038,3,0,0,38,805311232,
30200039,3,0,0,39,805311360,
30200040,3,0,0,40,805311488,
50000001,5,0,0,1,1342177408,
50000002,5,0,0,2,1342177536,
50000003,5,0,0,3,1342177664,
50000004,5,0,0,4,1342177792,
50101000,5,1,1,0,1344290816,
50101010,5,1,1,10,1344292096,
50101020,5,1,1,20,1344293376,
50101021,5,1,1,21,1344293504,
50102000,5,1,2,0,1344307200,
50102010,5,1,2,10,1344308480,
50102020,5,1,2,20,1344309760,
50103000,5,1,3,0,1344323584,
50103010,5,1,3,10,1344324864,
50103020,5,1,3,20,1344326144,
50104000,5,1,4,0,1344339968,
50105000,5,1,5,0,1344356352,
50201000,5,2,1,0,1346387968,
50201001,5,2,1,1,1346388096,
50202000,5,2,2,0,1346404352,
50202001,5,2,2,1,1346404480,
50202002,5,2,2,2,1346404608,
50202003,5,2,2,3,1346404736,
50203000,5,2,3,0,1346420736,
50203001,5,2,3,1,1346420864,
50204000,5,2,4,0,1346437120,
50204001,5,2,4,1,1346437248,
50204002,5,2,4,2,1346437376,
50205000,5,2,5,0,1346453504,
50205001,5,2,5,1,1346453632,
50205002,5,2,5,2,1346453760,
50205003,5,2,5,3,1346453888,
50206000,5,2,6,0,1346469888,
50209000,5,2,9,0,1346519040,
50209001,5,2,9,1,1346519168,
50300000,5,3,0,0,1348468736,
50300001,5,3,0,1,1348468864,
50300002,5,3,0,2,1348468992,
50300003,5,3,0,3,1348469120,
50300004,5,3,0,4,1348469248,
50300005,5,3,0,5,1348469376,
50300006,5,3,0,6,1348469504,
50300007,5,3,0,7,1348469632,
50300008,5,3,0,8,1348469760,
50300009,5,3,0,9,1348469888,
50300010,5,3,0,10,1348470016,
50301000,5,3,1,0,1348485120,
50301001,5,3,1,1,1348485248,
50302000,5,3,2,0,1348501504,
50302001,5,3,2,1,1348501632,
50303000,5,3,3,0,1348517888,
50309000,5,3,9,0,1348616192,
50309001,5,3,9,1,1348616320,
50400000,5,4,0,0,1350565888,
50400001,5,4,0,1,1350566016,
50400002,5,4,0,2,1350566144,
50400003,5,4,0,3,1350566272,
50400004,5,4,0,4,1350566400,
50400005,5,4,0,5,1350566528,
50400006,5,4,0,6,1350566656,
50400007,5,4,0,7,1350566784,
50400008,5,4,0,8,1350566912,
50400009,5,4,0,9,1350567040,
50400010,5,4,0,10,1350567168,
50400011,5,4,0,11,1350567296,
50400012,5,4,0,12,1350567424,
50400013,5,4,0,13,1350567552,
50400014,5,4,0,14,1350567680,
50400015,5,4,0,15,1350567808,
60000001,6,0,0,1,1610612864,
60000002,6,0,0,2,1610612992,
60000003,6,0,0,3,1610613120,
60000004,6,0,0,4,1610613248,
60000005,6,0,0,5,1610613376,
60000006,6,0,0,6,1610613504,
60000007,6,0,0,7,1610613632,
60000008,6,0,0,8,1610613760,
60000009,6,0,0,9,1610613888,
60000010,6,0,0,10,1610614016,
60000011,6,0,0,11,1610614144,
60000012,6,0,0,12,1610614272,
60000013,6,0,0,13,1610614400,
60000014,6,0,0,14,1610614528,
60000015,6,0,0,15,1610614656,
60000016,6,0,0,16,1610614784,
60000017,6,0,0,17,1610614912,
60000018,6,0,0,18,1610615040,
60000019,6,0,0,19,1610615168,
60000020,6,0,0,20,1610615296,
60000050,6,0,0,50,1610619136,
60000051,6,0,0,51,1610619264,
60000052,6,0,0,52,1610619392,
60000053,6,0,0,53,1610619520,
60000054,6,0,0,54,1610619648,
60000055,6,0,0,55,1610619776,
60000056,6,0,0,56,1610619904,
60000057,6,0,0,57,1610620032,
60000058,6,0,0,58,1610620160,
60000100,6,0,1,0,1610629120,
60000101,6,0,1,1,1610629248,
60010001,6,1,0,1,1612710016,
60010002,6,1,0,2,1612710144,
60020001,6,2,0,1,1614807168,
60020002,6,2,0,2,1614807296,
60020003,6,2,0,3,1614807424,
60030001,6,3,0,1,1616904320,
60030002,6,3,0,2,1616904448,
60040001,6,4,0,1,1619001472,
60040002,6,4,0,2,1619001600,
60050001,6,5,0,1,1621098624,
60050002,6,5,0,2,1621098752,
60060001,6,6,0,1,1623195776,
60060002,6,6,0,2,1623195904,
60070001,6,7,0,1,1625292928,
60070002,6,7,0,2,1625293056,
60080001,6,8,0,1,1627390080,
60080002,6,8,0,2,1627390208,
60090001,6,9,0,1,1629487232,
60090002,6,9,0,2,1629487360,
60100001,6,10,0,1,1631584384,
60100002,6,10,0,2,1631584512,
60110001,6,11,0,1,1633681536,
60110002,6,11,0,2,1633681664,
60120001,6,12,0,1,1635778688,
60120002,6,12,0,2,1635778816,
60200000,6,20,0,0,1652555776,
60200001,6,20,0,1,1652555904,
60200002,6,20,0,2,1652556032,
60200003,6,20,0,3,1652556160,
60200004,6,20,0,4,1652556288,
60200005,6,20,0,5,1652556416,
60200006,6,20,0,6,1652556544,
60200007,6,20,0,7,1652556672,
60200008,6,20,0,8,1652556800,
60200009,6,20,0,9,1652556928,
60200010,6,20,0,10,1652557056,
60200011,6,20,0,11,1652557184,
60200012,6,20,0,12,1652557312,
60200013,6,20,0,13,1652557440,
60200014,6,20,0,14,1652557568,
60200015,6,20,0,15,1652557696,
60200016,6,20,0,16,1652557824,
60200017,6,20,0,17,1652557952,
60200018,6,20,0,18,1652558080,
60200019,6,20,0,19,1652558208,
60200020,6,20,0,20,1652558336,
60200021,6,20,0,21,1652558464,
60200022,6,20,0,22,1652558592,
60200024,6,20,0,24,1652558848,
60200025,6,20,0,25,1652558976,
60200026,6,20,0,26,1652559104,
60200028,6,20,0,28,1652559360,
60200029,6,20,0,29,1652559488,
60200030,6,20,0,30,1652559616,
60200031,6,20,0,31,1652559744,
60200032,6,20,0,32,1652559872,
60200033,6,20,0,33,1652560000,
60200034,6,20,0,34,1652560128,
60200035,6,20,0,35,1652560256,
60200050,6,20,0,50,1652562176,
60200051,6,20,0,51,1652562304,
60200100,6,20,1,0,1652572160,
60200101,6,20,1,1,1652572288,
60200102,6,20,1,2,1652572416,
60200103,6,20,1,3,1652572544,
60200104,6,20,1,4,1652572672,
60200105,6,20,1,5,1652572800,
60200106,6,20,1,6,1652572928,
60200107,6,20,1,7,1652573056,
60200108,6,20,1,8,1652573184,
60200109,6,20,1,9,1652573312,
60200110,6,20,1,10,1652573440,
60200111,6,20,1,11,1652573568,
60200112,6,20,1,12,1652573696,
60200113,6,20,1,13,1652573824,
60200114,6,20,1,14,1652573952,
60200115,6,20,1,15,1652574080,
60200116,6,20,1,16,1652574208,
60200117,6,20,1,17,1652574336,
60200118,6,20,1,18,1652574464,
60200119,6,20,1,19,1652574592,
60200120,6,20,1,20,1652574720,
60200121,6,20,1,21,1652574848,
60200122,6,20,1,22,1652574976,
60200123,6,20,1,23,1652575104,
60200124,6,20,1,24,1652575232,
60200125,6,20,1,25,1652575360,
60200126,6,20,1,26,1652575488,
60200127,6,20,1,27,1652575616,
60200128,6,20,1,28,1652575744,
60200129,6,20,1,29,1652575872,
60200130,6,20,1,30,1652576000,
60200131,6,20,1,31,1652576128,
60200132,6,20,1,32,1652576256,
60200133,6,20,1,33,1652576384,
60200134,6,20,1,34,1652576512,
60200135,6,20,1,35,1652576640,
60200136,6,20,1,36,1652576768,
60200137,6,20,1,37,1652576896,
60200138,6,20,1,38,1652577024,
60200139,6,20,1,39,1652577152,
60200200,6,20,2,0,1652588544,
60200201,6,20,2,1,1652588672,
60200202,6,20,2,2,1652588800,
60200203,6,20,2,3,1652588928,
60201000,6,20,10,0,1652719616,
60201001,6,20,10,1,1652719744,
60202000,6,20,20,0,1652883456,
60202001,6,20,20,1,1652883584,
60203000,6,20,30,0,1653047296,
60203001,6,20,30,1,1653047424,
60204000,6,20,40,0,1653211136,
60204001,6,20,40,1,1653211264,
60205000,6,20,50,0,1653374976,
60205001,6,20,50,1,1653375104,
60206000,6,20,60,0,1653538816,
60206001,6,20,60,1,1653538944,
60207000,6,20,70,0,1653702656,
60207001,6,20,70,1,1653702784,
60208000,6,20,80,0,1653866496,
60208001,6,20,80,1,1653866624,
60209000,6,20,90,0,1654030336,
60209001,6,20,90,1,1654030464,
60210000,6,21,0,0,1654652928,
60210001,6,21,0,1,1654653056,
60211000,6,21,10,0,1654816768,
60211001,6,21,10,1,1654816896,
60212000,6,21,20,0,1654980608,
60212001,6,21,20,1,1654980736,
60213000,6,21,30,0,1655144448,
60213001,6,21,30,1,1655144576,
60213002,6,21,30,2,1655144704,
60214000,6,21,40,0,1655308288,
60214001,6,21,40,1,1655308416,
60214002,6,21,40,2,1655308544,
60214003,6,21,40,3,1655308672,
60214004,6,21,40,4,1655308800,
60214006,6,21,40,6,1655309056,
60215000,6,21,50,0,1655472128,
60215001,6,21,50,1,1655472256,
60215002,6,21,50,2,1655472384,
60215003,6,21,50,3,1655472512,
60215004,6,21,50,4,1655472640,
60215005,6,21,50,5,1655472768,
60215006,6,21,50,6,1655472896,
60216000,6,21,60,0,1655635968,
60216001,6,21,60,1,1655636096,
60216002,6,21,60,2,1655636224,
60216003,6,21,60,3,1655636352,
60216004,6,21,60,4,1655636480,
60217000,6,21,70,0,1655799808,
60217001,6,21,70,1,1655799936,
60217002,6,21,70,2,1655800064,
60217003,6,21,70,3,1655800192,
60217004,6,21,70,4,1655800320,
60300000,6,30,0,0,1673527296,
60300001,6,30,0,1,1673527424,
60300002,6,30,0,2,1673527552,
60300003,6,30,0,3,1673527680,
60300004,6,30,0,4,1673527808,
60300010,6,30,0,10,1673528576,
60300011,6,30,0,11,1673528704,
60300020,6,30,0,20,1673529856,
60300021,6,30,0,21,1673529984,
60300022,6,30,0,22,1673530112,
60300023,6,30,0,23,1673530240,
60300030,6,30,0,30,1673531136,
60300031,6,30,0,31,1673531264,
60300032,6,30,0,32,1673531392,
60300040,6,30,0,40,1673532416,
60300041,6,30,0,41,1673532544,
60300042,6,30,0,42,1673532672,
60300043,6,30,0,43,1673532800,
60300044,6,30,0,44,1673532928,
60300047,6,30,0,47,1673533312,
60300050,6,30,0,50,1673533696,
60300051,6,30,0,51,1673533824,
60300052,6,30,0,52,1673533952,
60300060,6,30,0,60,1673534976,
60300061,6,30,0,61,1673535104,
60300062,6,30,0,62,1673535232,
60300100,6,30,1,0,1673543680,
60300101,6,30,1,1,1673543808,
60300102,6,30,1,2,1673543936,
60300103,6,30,1,3,1673544064,
60300104,6,30,1,4,1673544192,
60300105,6,30,1,5,1673544320,
60300106,6,30,1,6,1673544448,
60300107,6,30,1,7,1673544576,
60300108,6,30,1,8,1673544704,
60300109,6,30,1,9,1673544832,
60300110,6,30,1,10,1673544960,
60300111,6,30,1,11,1673545088,
60300112,6,30,1,12,1673545216,
60300200,6,30,2,0,1673560064,
60300201,6,30,2,1,1673560192,
60300202,6,30,2,2,1673560320,
60300203,6,30,2,3,1673560448,
60300300,6,30,3,0,1673576448,
60300301,6,30,3,1,1673576576,
60300302,6,30,3,2,1673576704,
60300303,6,30,3,3,1673576832,
60300400,6,30,4,0,1673592832,
60300401,6,30,4,1,1673592960,
60300402,6,30,4,2,1673593088,
60300403,6,30,4,3,1673593216,
60300404,6,30,4,4,1673593344,
60300405,6,30,4,5,1673593472,
60300406,6,30,4,6,1673593600,
60300407,6,30,4,7,1673593728,
60300408,6,30,4,8,1673593856,
60300409,6,30,4,9,1673593984,
60300410,6,30,4,10,1673594112,
60300411,6,30,4,11,1673594240,
60300412,6,30,4,12,1673594368,
60300413,6,30,4,13,1673594496,
60300500,6,30,5,0,1673609216,
60300520,6,30,5,20,1673611776,
60301000,6,30,10,0,1673691136,
60301001,6,30,10,1,1673691264,
60301002,6,30,10,2,1673691392,
60301003,6,30,10,3,1673691520,
60301004,6,30,10,4,1673691648,
60301005,6,30,10,5,1673691776,
60301006,6,30,10,6,1673691904,
60301021,6,30,10,21,1673693824,
60301022,6,30,10,22,1673693952,
60301030,6,30,10,30,1673694976,
60301031,6,30,10,31,1673695104,
60301032,6,30,10,32,1673695232,
60301040,6,30,10,40,1673696256,
60301041,6,30,10,41,1673696384,
60301042,6,30,10,42,1673696512,
60301043,6,30,10,43,1673696640,
60301051,6,30,10,51,1673697664,
60301052,6,30,10,52,1673697792,
60301053,6,30,10,53,1673697920,
60301054,6,30,10,54,1673698048,
60301055,6,30,10,55,1673698176,
60301056,6,30,10,56,1673698304,
60301057,6,30,10,57,1673698432,
60310000,6,31,0,0,1675624448,
60310001,6,31,0,1,1675624576,
60310002,6,31,0,2,1675624704,
60318000,6,31,80,0,1676935168,
60318001,6,31,80,1,1676935296,
60318002,6,31,80,2,1676935424,
60318003,6,31,80,3,1676935552,
60318004,6,31,80,4,1676935680,
60318010,6,31,80,10,1676936448,
60318011,6,31,80,11,1676936576,
60319000,6,31,90,0,1677099008,
60319001,6,31,90,1,1677099136,
60319002,6,31,90,2,1677099264,
60319003,6,31,90,3,1677099392,
60319004,6,31,90,4,1677099520,
60319010,6,31,90,10,1677100288,
60319011,6,31,90,11,1677100416,
60320000,6,32,0,0,1677721600,
60320001,6,32,0,1,1677721728,
60320002,6,32,0,2,1677721856,
60320003,6,32,0,3,1677721984,
60320004,6,32,0,4,1677722112,
60320010,6,32,0,10,1677722880,
60320011,6,32,0,11,1677723008,
60320013,6,32,0,13,1677723264,
60321000,6,32,10,0,1677885440,
60321001,6,32,10,1,1677885568,
60321002,6,32,10,2,1677885696,
60321003,6,32,10,3,1677885824,
60321004,6,32,10,4,1677885952,
60321010,6,32,10,10,1677886720,
60321011,6,32,10,11,1677886848,
60340000,6,34,0,0,1681915904,
60340001,6,34,0,1,1681916032,
60340002,6,34,0,2,1681916160,
60340003,6,34,0,3,1681916288,
60340004,6,34,0,4,1681916416,
60340005,6,34,0,5,1681916544,
60340006,6,34,0,6,1681916672,
60340007,6,34,0,7,1681916800,
60350000,6,35,0,0,1684013056,
60350001,6,35,0,1,1684013184,
60350002,6,35,0,2,1684013312,
61000000,6,40,0,0,1694498816,
61000001,6,40,0,1,1694498944,
61000002,6,40,0,2,1694499072,
61000003,6,40,0,3,1694499200,
61000004,6,40,0,4,1694499328,
61000005,6,40,0,5,1694499456,
70000001,7,0,0,1,1879048320,
70001001,7,0,1,1,1879064704,
70002001,7,0,2,1,1879081088,
70003001,7,0,3,1,1879097472,
70004001,7,0,4,1,1879113856,
70020001,7,2,0,1,1883242624,
70021001,7,2,1,1,1883259008,
70022001,7,2,2,1,1883275392,
70023001,7,2,3,1,1883291776,
70030001,7,3,0,1,1885339776,
70031001,7,3,1,1,1885356160,
70032001,7,3,2,1,1885372544,
70033001,7,3,3,1,1885388928,
70034001,7,3,4,1,1885405312,
80200000,8,2,0,0,2151677952,
80200001,8,2,0,1,2151678080,
80200002,8,2,0,2,2151678208,
80200003,8,2,0,3,2151678336,
80200004,8,2,0,4,2151678464,
80200005,8,2,0,5,2151678592,
80201000,8,2,1,0,2151694336,
80201001,8,2,1,1,2151694464,
80201002,8,2,1,2,2151694592,
80201003,8,2,1,3,2151694720,
80201004,8,2,1,4,2151694848,
80201005,8,2,1,5,2151694976,
80201006,8,2,1,6,2151695104,
80201007,8,2,1,7,2151695232,
80201008,8,2,1,8,2151695360,
80201009,8,2,1,9,2151695488,
80201010,8,2,1,10,2151695616,
80201011,8,2,1,11,2151695744,
80201012,8,2,1,12,2151695872,
80201013,8,2,1,13,2151696000,
80201014,8,2,1,14,2151696128,
80201015,8,2,1,15,2151696256,
80201016,8,2,1,16,2151696384,
80201017,8,2,1,17,2151696512,
80201018,8,2,1,18,2151696640,
80201019,8,2,1,19,2151696768,
80201020,8,2,1,20,2151696896,
80201021,8,2,1,21,2151697024,
80201022,8,2,1,22,2151697152,
80201023,8,2,1,23,2151697280,
80201024,8,2,1,24,2151697408,
80201025,8,2,1,25,2151697536,
80201026,8,2,1,26,2151697664,
80201027,8,2,1,27,2151697792,
80201028,8,2,1,28,2151697920,
80201029,8,2,1,29,2151698048,
80201030,8,2,1,30,2151698176,
80201031,8,2,1,31,2151698304,
80201032,8,2,1,32,2151698432,
80201033,8,2,1,33,2151698560,
80201034,8,2,1,34,2151698688,
80201035,8,2,1,35,2151698816,
80201036,8,2,1,36,2151698944,
80201037,8,2,1,37,2151699072,
80201038,8,2,1,38,2151699200,
80201039,8,2,1,39,2151699328,
80201040,8,2,1,40,2151699456,
80201041,8,2,1,41,2151699584,
80201042,8,2,1,42,2151699712,
80201043,8,2,1,43,2151699840,
80201044,8,2,1,44,2151699968,
80201045,8,2,1,45,2151700096,
80201046,8,2,1,46,2151700224,
80201047,8,2,1,47,2151700352,
80201048,8,2,1,48,2151700480,
80201049,8,2,1,49,2151700608,
80201050,8,2,1,50,2151700736,
80301000,8,3,1,0,2153791488,
80301001,8,3,1,1,2153791616,
80301002,8,3,1,2,2153791744,
80301003,8,3,1,3,2153791872,
80301004,8,3,1,4,2153792000,
80301005,8,3,1,5,2153792128,
80301006,8,3,1,6,2153792256,
80301050,8,3,1,50,2153797888,
80301051,8,3,1,51,2153798016,
80301052,8,3,1,52,2153798144,
80301060,8,3,1,60,2153799168,
80301061,8,3,1,61,2153799296,
80301062,8,3,1,62,2153799424,
80301070,8,3,1,70,2153800448,
80301071,8,3,1,71,2153800576,
80301072,8,3,1,72,2153800704,
90000100,9,0,1,0,2415935488,
90000101,9,0,1,1,2415935616,
90000102,9,0,1,2,2415935744,
90000103,9,0,1,3,2415935872,
90000104,9,0,1,4,2415936000,
90000111,9,0,1,11,2415936896,
90000112,9,0,1,12,2415937024,
90000113,9,0,1,13,2415937152,
90000114,9,0,1,14,2415937280,
90000115,9,0,1,15,2415937408,
90000116,9,0,1,16,2415937536,
90000117,9,0,1,17,2415937664,
90000118,9,0,1,18,2415937792,
90000119,9,0,1,19,2415937920,
90000120,9,0,1,20,2415938048,
90000121,9,0,1,21,2415938176,
90000200,9,0,2,0,2415951872,
90000201,9,0,2,1,2415952000,
90000202,9,0,2,2,2415952128,
90000203,9,0,2,3,2415952256,
90000204,9,0,2,4,2415952384,
90000205,9,0,2,5,2415952512,
90000206,9,0,2,6,2415952640,
90000207,9,0,2,7,2415952768,
90000300,9,0,3,0,2415968256,
90000301,9,0,3,1,2415968384,
90000302,9,0,3,2,2415968512,
90000303,9,0,3,3,2415968640,
90000304,9,0,3,4,2415968768,
90000305,9,0,3,5,2415968896,
90000400,9,0,4,0,2415984640,
90000401,9,0,4,1,2415984768,
90000402,9,0,4,2,2415984896,
90000403,9,0,4,3,2415985024,
90000404,9,0,4,4,2415985152,
90000405,9,0,4,5,2415985280,
90000406,9,0,4,6,2415985408,
90000410,9,0,4,10,2415985920,
90000411,9,0,4,11,2415986048,
90000412,9,0,4,12,2415986176,
90000413,9,0,4,13,2415986304,
90000414,9,0,4,14,2415986432,
90000415,9,0,4,15,2415986560,
90000420,9,0,4,20,2415987200,
90000421,9,0,4,21,2415987328,
90000422,9,0,4,22,2415987456,
90000423,9,0,4,23,2415987584,
90000424,9,0,4,24,2415987712,
90000425,9,0,4,25,2415987840,
90020100,9,2,1,0,2420129792,
90020101,9,2,1,1,2420129920,
90020102,9,2,1,2,2420130048,
90020103,9,2,1,3,2420130176,
90020200,9,2,2,0,2420146176,
90020201,9,2,2,1,2420146304,
90020202,9,2,2,2,2420146432,
90020203,9,2,2,3,2420146560,
90020300,9,2,3,0,2420162560,
90020301,9,2,3,1,2420162688,
90020302,9,2,3,2,2420162816,
90020303,9,2,3,3,2420162944,
90020304,9,2,3,4,2420163072,
90020305,9,2,3,5,2420163200,
90020400,9,2,4,0,2420178944,
90020401,9,2,4,1,2420179072,
90020402,9,2,4,2,2420179200,
90020403,9,2,4,3,2420179328,
90030100,9,3,1,0,2422226944,
90030101,9,3,1,1,2422227072,
90030102,9,3,1,2,2422227200,
90030103,9,3,1,3,2422227328,
90030104,9,3,1,4,2422227456,
90030105,9,3,1,5,2422227584,
90030106,9,3,1,6,2422227712,
90030200,9,3,2,0,2422243328,
90030201,9,3,2,1,2422243456,
90030202,9,3,2,2,2422243584,
90030203,9,3,2,3,2422243712,
90030204,9,3,2,4,2422243840,
90030205,9,3,2,5,2422243968,
90030206,9,3,2,6,2422244096,
90030300,9,3,3,0,2422259712,
90030301,9,3,3,1,2422259840,
90030302,9,3,3,2,2422259968,
90030303,9,3,3,3,2422260096,
90030304,9,3,3,4,2422260224,
90030305,9,3,3,5,2422260352,
90030306,9,3,3,6,2422260480,
90030400,9,3,4,0,2422276096,
90030401,9,3,4,1,2422276224,
90030402,9,3,4,2,2422276352,
90030403,9,3,4,3,2422276480,
90030404,9,3,4,4,2422276608,
90030405,9,3,4,5,2422276736,
90030406,9,3,4,6,2422276864,
90040000,9,4,0,0,2424307712,
90040001,9,4,0,1,2424307840,
90040002,9,4,0,2,2424307968,
90040003,9,4,0,3,2424308096,
90040004,9,4,0,4,2424308224,
90040005,9,4,0,5,2424308352,
90040006,9,4,0,6,2424308480,
90040007,9,4,0,7,2424308608,
90040008,9,4,0,8,2424308736,
79000001,10,0,0,1,,
79000002,10,0,0,2,,
79000003,10,0,0,3,,
